<?xml version="1.0" encoding="UTF-8"?>
<manifest identifier="com.scorm.microaggressions.course.final" version="1.2"
          xmlns="http://www.imsproject.org/xsd/imscp_rootv1p1p2"
          xmlns:adlcp="http://www.adlnet.org/xsd/adlcp_rootv1p2"
          xmlns:xsi="http://www.w3.org/2001/XMLSchema-instance"
          xsi:schemaLocation="http://www.imsproject.org/xsd/imscp_rootv1p1p2 imscp_rootv1p1p2.xsd
                              http://www.imsglobal.org/xsd/imsmd_rootv1p2p1 imsmd_rootv1p2p1.xsd
                              http://www.adlnet.org/xsd/adlcp_rootv1p2 adlcp_rootv1p2.xsd">

    <metadata>
        <schema>ADL SCORM</schema>
        <schemaversion>1.2</schemaversion>
        <lom xmlns="http://www.imsglobal.org/xsd/imsmd_rootv1p2p1">
            <general>
                <title>
                    <langstring xml:lang="en">Recognizing Microaggressions Towards Indigenous Peoples</langstring>
                </title>
                <description>
                    <langstring xml:lang="en">An interactive course on identifying and understanding microaggressions towards Indigenous Peoples.</langstring>
                </description>
            </general>
            <technical>
                <format>text/html</format>
            </technical>
        </lom>
    </metadata>

    <organizations default="B0">
        <organization identifier="B0">
            <title>Recognizing Microaggressions Towards Indigenous Peoples</title>
            <item identifier="I1" identifierref="R1" isvisible="true">
                <title>Course Module</title>
            </item>
        </organization>
    </organizations>

    <resources>
        <resource identifier="R1" type="webcontent" adlcp:scormtype="sco" href="index.html">
            <file href="index.html"/>
        </resource>
    </resources>

</manifest>
